{
  "mse": 0.014920138753950596,
  "rmse": 0.12214801985276141,
  "r2": {
    "mean": 0.6414874792098999,
    "per_channel": [
      0.48273414373397827,
      0.6144480109214783,
      0.7039902210235596,
      0.6298255920410156,
      0.6342304944992065,
      0.4967763423919678,
      0.524742066860199,
      0.3877880573272705,
      0.5609961748123169,
      0.2931440472602844,
      0.4926416873931885,
      0.556929349899292,
      0.8004716634750366,
      0.8285292387008667,
      0.47741180658340454,
      0.431649386882782,
      0.5078747272491455,
      0.5849147439002991,
      0.7327016592025757,
      0.7696838974952698,
      0.7732049822807312,
      0.7393189668655396,
      0.7062722444534302,
      0.6752767562866211,
      0.753085732460022,
      0.7951399683952332,
      0.8338104486465454,
      0.6436905264854431,
      0.679132342338562,
      0.7520567178726196,
      0.5492216944694519,
      0.7939274311065674,
      0.7532143592834473,
      0.5646559000015259,
      0.7591589093208313,
      0.6795184016227722,
      0.6476746797561646,
      0.4695934057235718,
      0.7101362943649292,
      0.8774112462997437,
      0.8452151417732239,
      0.6170752048492432,
      0.4775639772415161,
      0.7167381644248962,
      0.8487160205841064,
      0.8661301136016846,
      0.7369611263275146,
      0.689795732498169,
      0.700735867023468,
      0.6277433633804321,
      0.5543005466461182,
      0.8319979906082153,
      0.7669621706008911,
      0.7738540768623352,
      0.6956034898757935,
      0.7856467962265015,
      0.7123373746871948,
      0.7770398855209351,
      0.6323121786117554,
      0.7349576950073242,
      0.8122243285179138,
      0.6736371517181396,
      0.6006141901016235,
      0.31291431188583374,
      0.5760862827301025,
      0.5422205328941345,
      0.8040336966514587,
      0.8601943254470825,
      0.41352272033691406,
      0.573671281337738,
      0.48912709951400757,
      0.6573629379272461,
      0.7902407050132751,
      0.5768595933914185,
      0.4982682466506958,
      0.3117692470550537,
      0.5502824783325195,
      0.7236799001693726,
      0.6226915121078491,
      0.721961259841919,
      0.7358620762825012,
      0.7251473665237427,
      0.5498218536376953,
      0.507871150970459,
      0.6410519480705261,
      0.2838507294654846,
      0.5615146160125732,
      0.5654275417327881,
      0.3518080711364746
    ]
  },
  "correlation": {
    "mean": 0.8023386001586914,
    "per_channel": [
      0.709117591381073,
      0.7859510779380798,
      0.8395923972129822,
      0.7959302067756653,
      0.8071889877319336,
      0.7051900625228882,
      0.7249434590339661,
      0.6424490213394165,
      0.7512817978858948,
      0.557681143283844,
      0.7025545835494995,
      0.7624378800392151,
      0.8946996927261353,
      0.9150981307029724,
      0.6931440234184265,
      0.6909866333007812,
      0.7275385856628418,
      0.7648414373397827,
      0.8568757176399231,
      0.8796329498291016,
      0.8838703036308289,
      0.8608871698379517,
      0.8417938351631165,
      0.8297573328018188,
      0.8687396049499512,
      0.892279326915741,
      0.9137728810310364,
      0.8104646801948547,
      0.8265326619148254,
      0.8672237396240234,
      0.7611339688301086,
      0.906873881816864,
      0.8748668432235718,
      0.7616162300109863,
      0.8752478957176208,
      0.8268726468086243,
      0.8055106997489929,
      0.6888941526412964,
      0.8500592708587646,
      0.9393123984336853,
      0.9222476482391357,
      0.7857214212417603,
      0.6929790377616882,
      0.8504621386528015,
      0.933029055595398,
      0.9337402582168579,
      0.8592737913131714,
      0.831572949886322,
      0.8495739102363586,
      0.7990805506706238,
      0.7496866583824158,
      0.9174069166183472,
      0.877155065536499,
      0.8824738264083862,
      0.8430100083351135,
      0.8864570260047913,
      0.8465176820755005,
      0.885410487651825,
      0.7997697591781616,
      0.8607670068740845,
      0.9039365649223328,
      0.8319693803787231,
      0.7765899300575256,
      0.5850625038146973,
      0.764049768447876,
      0.7491126656532288,
      0.9017677307128906,
      0.9368170499801636,
      0.6623237133026123,
      0.7632730007171631,
      0.7047060132026672,
      0.8199251294136047,
      0.8929098844528198,
      0.7635701298713684,
      0.715496838092804,
      0.5855876803398132,
      0.7438242435455322,
      0.8534342646598816,
      0.7926071882247925,
      0.8556925058364868,
      0.8604691028594971,
      0.8532320857048035,
      0.7515603303909302,
      0.7147744297981262,
      0.8032607436180115,
      0.6136159300804138,
      0.762627124786377,
      0.7525596022605896,
      0.594197154045105
    ]
  },
  "per_timestep_mse": [
    0.004213227424770594,
    0.00949268601834774,
    0.01236711349338293,
    0.01403761375695467,
    0.016072561964392662,
    0.017320338636636734,
    0.017734140157699585,
    0.019972607493400574,
    0.018503636121749878,
    0.019487468525767326
  ],
  "per_channel_mse": [
    0.01614353060722351,
    0.011570274829864502,
    0.015054814517498016,
    0.016010433435440063,
    0.015333171933889389,
    0.02219311334192753,
    0.024281946942210197,
    0.020176203921437263,
    0.025718597695231438,
    0.015808099880814552,
    0.019705917686223984,
    0.01989060267806053,
    0.007328649517148733,
    0.016673600301146507,
    0.03184956684708595,
    0.017321044579148293,
    0.023590698838233948,
    0.014205838553607464,
    0.014520552940666676,
    0.012578961439430714,
    0.015183262526988983,
    0.01336438488215208,
    0.01266793068498373,
    0.006632593460381031,
    0.0057849888689816,
    0.008482364937663078,
    0.010062304325401783,
    0.012683667242527008,
    0.013597596436738968,
    0.007998802699148655,
    0.01778101548552513,
    0.008552496321499348,
    0.01088578999042511,
    0.012261344119906425,
    0.011396764777600765,
    0.0082516735419631,
    0.013576626777648926,
    0.020079903304576874,
    0.016585923731327057,
    0.004988896194845438,
    0.006630349438637495,
    0.019657285884022713,
    0.016819141805171967,
    0.009600543417036533,
    0.00529828667640686,
    0.006572649348527193,
    0.0069150920026004314,
    0.016067717224359512,
    0.007234206423163414,
    0.021900376304984093,
    0.02203117311000824,
    0.005234268959611654,
    0.00993789080530405,
    0.0053651174530386925,
    0.01122977677732706,
    0.015898322686553,
    0.014663351699709892,
    0.005382230505347252,
    0.02068956010043621,
    0.014133746735751629,
    0.0066480692476034164,
    0.0157476756721735,
    0.02376745454967022,
    0.02127886936068535,
    0.015920814126729965,
    0.006143104750663042,
    0.013769264332950115,
    0.004469674546271563,
    0.026619402691721916,
    0.016696512699127197,
    0.022034095600247383,
    0.01885608769953251,
    0.009282820858061314,
    0.017980407923460007,
    0.026664916425943375,
    0.020745400339365005,
    0.02492399699985981,
    0.016059596091508865,
    0.017334438860416412,
    0.010323482565581799,
    0.005305094178766012,
    0.013339251279830933,
    0.024090643972158432,
    0.021639052778482437,
    0.013189402408897877,
    0.013056812807917595,
    0.0051482622511684895,
    0.0268009714782238,
    0.03802166506648064
  ]
}