{
  "mse": 0.014198635704815388,
  "rmse": 0.11915802828519524,
  "r2": {
    "mean": 0.7142353653907776,
    "per_channel": [
      0.6856572031974792,
      0.716875433921814,
      0.6523869037628174,
      0.6377754211425781,
      0.7488794922828674,
      0.7509817481040955,
      0.6750092506408691,
      0.6705930233001709,
      0.6447713971138,
      0.7560779452323914,
      0.7239020466804504,
      0.6932950019836426,
      0.6735849380493164,
      0.6764580607414246,
      0.6363176107406616,
      0.7402668595314026,
      0.7309002876281738,
      0.7095544338226318,
      0.686079204082489,
      0.6624367833137512,
      0.4702427387237549,
      0.7355576753616333,
      0.7162220478057861,
      0.7104277610778809,
      0.6845959424972534,
      0.6626534461975098,
      0.6500939130783081,
      0.7392777800559998,
      0.7157838344573975,
      0.5757826566696167,
      0.6325136423110962,
      0.6779288649559021,
      0.6479840874671936,
      0.7341214418411255,
      0.7182187438011169,
      0.7052629590034485,
      0.6743892431259155,
      0.6013724207878113,
      0.630320131778717,
      0.71713787317276,
      0.7042651176452637,
      0.7052159309387207,
      0.656613826751709,
      0.6581776142120361,
      0.7165768146514893,
      0.7034014463424683,
      0.7061439156532288,
      0.672613263130188,
      0.7134699821472168,
      0.6717284321784973,
      0.7047598361968994,
      0.6873278617858887,
      0.7057123184204102,
      0.6885754466056824,
      0.6739810705184937,
      0.6739569902420044,
      0.6831091642379761,
      0.7156667709350586,
      0.7220030426979065,
      0.6848225593566895,
      0.7021194696426392,
      0.6927903890609741,
      0.7146501541137695,
      0.7217706441879272,
      0.7145287990570068,
      0.6765958070755005,
      0.6807519197463989,
      0.6344348788261414,
      0.7381813526153564,
      0.6801680326461792,
      0.7245057821273804,
      0.6970353126525879,
      0.6837855577468872,
      0.6676293611526489,
      0.7222597599029541,
      0.7257366180419922,
      0.7056290507316589,
      0.7233192324638367,
      0.7128589153289795,
      0.6495429277420044,
      0.7498096823692322,
      0.6997121572494507,
      0.7221612930297852,
      0.7288442850112915,
      0.6969926953315735,
      0.6680806875228882,
      0.7117564678192139,
      0.6815205812454224,
      0.7097110748291016,
      0.9059739112854004,
      0.8782025575637817,
      0.892275333404541,
      0.8847119808197021,
      0.8777720928192139,
      0.9047686457633972,
      0.9120100140571594,
      0.9075408577919006,
      0.8990498185157776,
      0.9087762236595154,
      0.9064734578132629,
      0.8950115442276001,
      0.90065997838974,
      0.9045516848564148,
      0.8977577686309814,
      0.8922320604324341,
      0.9063771367073059,
      0.9064229726791382,
      0.9170377254486084,
      0.8970133066177368,
      0.9017385840415955,
      0.8956064581871033,
      0.9191418290138245,
      0.6777573227882385,
      0.9049737453460693,
      0.6731652617454529,
      0.6630198955535889,
      0.6361797451972961,
      0.6584299802780151,
      0.665044903755188,
      0.6540759801864624,
      0.71832275390625,
      0.6434824466705322,
      0.6658649444580078,
      0.6708834171295166,
      0.6768037676811218,
      0.4886872172355652,
      0.4951084852218628,
      0.5249944925308228,
      0.5622358918190002,
      0.6227965354919434,
      0.7277072668075562,
      0.734450101852417,
      0.732162356376648,
      0.4833698868751526,
      0.5239651203155518,
      0.6106441020965576,
      0.5253856778144836,
      0.6609828472137451,
      0.670892596244812,
      0.6465643644332886,
      0.7455433011054993,
      0.7038129568099976,
      0.8682387471199036,
      0.4810138940811157,
      0.44749826192855835,
      0.48967474699020386,
      0.8910076022148132,
      0.8417040109634399,
      0.8220206499099731,
      0.41860151290893555,
      0.42683297395706177,
      0.897100567817688,
      0.8535154461860657,
      0.817807137966156,
      0.7667076587677002,
      0.43163853883743286,
      0.5085752010345459,
      0.5696347951889038,
      0.7630321383476257,
      0.691303014755249,
      0.4604746103286743,
      0.5650596618652344,
      0.5896075367927551,
      0.6862850189208984,
      0.742751955986023,
      0.44444286823272705,
      0.49164414405822754,
      0.5526584386825562,
      0.6286771297454834,
      0.704581618309021,
      0.8900463581085205,
      0.8692496418952942,
      0.9005158543586731,
      0.8934152126312256,
      0.8955336213111877,
      0.9012603759765625,
      0.8151723146438599,
      0.9068310856819153,
      0.8845877051353455,
      0.9051604270935059,
      0.901268720626831,
      0.9075956344604492,
      0.9015617370605469,
      0.6243915557861328,
      0.5944128036499023,
      0.8473408222198486,
      0.8121968507766724,
      0.7893524169921875,
      0.4495975375175476,
      0.4875326156616211,
      0.8588353395462036,
      0.8437398672103882,
      0.840511679649353,
      0.49625736474990845,
      0.8789519667625427,
      0.8707125186920166,
      0.8637919425964355,
      0.8920169472694397,
      0.899033784866333,
      0.9137616753578186,
      0.9214062094688416,
      0.6648013591766357,
      0.6634067296981812,
      0.6776854991912842,
      0.6510694026947021,
      0.6870827078819275,
      0.6983163952827454,
      0.5622509717941284,
      0.6523360013961792,
      0.6746090650558472,
      0.5242024660110474,
      0.6209390759468079,
      0.7001463174819946,
      0.5454165935516357,
      0.6447551250457764,
      0.7113255262374878,
      0.9002324342727661,
      0.681402325630188,
      0.718451976776123,
      0.6526164412498474,
      0.726438045501709,
      0.7489913702011108,
      0.7062965035438538,
      0.6770115494728088,
      0.7360892295837402,
      0.6194881200790405,
      0.7088034152984619,
      0.7446990609169006,
      0.7322831153869629,
      0.7246946096420288,
      0.6814973950386047,
      0.6839168071746826,
      0.688774585723877,
      0.6381137371063232,
      0.645844578742981,
      0.6986631155014038,
      0.7103937864303589,
      0.6609410643577576,
      0.6950324177742004
    ]
  },
  "correlation": {
    "mean": 0.8440976738929749,