{
  "affi": {
    "val_mse": 0.014094937779009341,
    "paper_mse": 0.0144,
    "diff": -0.0003050622209906581,
    "r2": 0.7142353653907776
  },
  "beignet": {
    "val_mse": 0.014965267619118094,
    "paper_mse": 0.0192,
    "diff": -0.004234732380881904,
    "r2": 0.6414874792098999
  }
}